Country,1/22/20,1/23/20,1/24/20,1/25/20,1/26/20,1/27/20,1/28/20,1/29/20,1/30/20,1/31/20,02-01-2020,02-02-2020,02-03-2020,02-04-2020,02-05-2020,02-06-2020,02-07-2020,02-08-2020,02-09-2020,02-10-2020,02-11-2020,02-12-2020,2/13/20,2/14/20,2/15/20,2/16/20,2/17/20,2/18/20,2/19/20,2/20/20,2/21/20,2/22/20,2/23/20,2/24/20,2/25/20,2/26/20,2/27/20,2/28/20,2/29/20,03-01-2020,03-02-2020,03-03-2020,03-04-2020,03-05-2020,03-06-2020,03-07-2020,03-08-2020,03-09-2020,03-10-2020,03-11-2020,03-12-2020,3/13/20,3/14/20,3/15/20,3/16/20,3/17/20,3/18/20,3/19/20,3/20/20,3/21/20,3/22/20,3/23/20,3/24/20,3/25/20,3/26/20,3/27/20,3/28/20,3/29/20,3/30/20,3/31/20,04-01-2020,04-02-2020,04-03-2020,04-04-2020,04-05-2020,04-06-2020,04-07-2020,04-08-2020,04-09-2020,04-10-2020,04-11-2020,04-12-2020,4/13/20,4/14/20,4/15/20,4/16/20,4/17/20,4/18/20,4/19/20,4/20/20,4/21/20,4/22/20,4/23/20,4/24/20,4/25/20,4/26/20,4/27/20,4/28/20,4/29/20,4/30/20,05-01-2020,05-02-2020,05-03-2020,05-04-2020,05-05-2020,05-06-2020,05-07-2020,05-08-2020,05-09-2020,05-10-2020,05-11-2020,05-12-2020,5/13/20
Algeria,0,0,0,0,0,0,0,0,0,0,0,0,0,0,0,0,0,0,0,0,0,0,0,0,0,0,0,0,0,0,0,0,0,0,0,0,0,0,0,0,0,0,0,0,0,0,0,0,0,0,0.000173611,0.000295858,0.000219138,0.000173611,0.000137174,0.000111111,0.000127831,0.000118906,0.000135803,7.76357E-05,4.20782E-05,3.21361E-05,2.72612E-05,2.30253E-05,1.85613E-05,1.55427E-05,1.40697E-05,1.18719E-05,1.02622E-05,0.00000858,0.00000808,0.00000885,0.00000766,0.00000831,0.00000872,0.00000854,0.00000896,0.0000083,0.00000847,0.00000826,0.00000826,0.000008,0.00000796,0.00000761,0.0000072,0.00000677,0.00000623,0.00000572,0.00000543,0.0000052,0.00000496,0.00000475,0.0000045,0.00000424,0.00000395,0.00000372,0.00000349,0.00000328,0.000003,0.0000028,0.00000263,0.00000249,0.00000231,0.00000215,0.00000201,0.00000191,0.0000018,0.00000169,0.0000016,0.00000153,0.00000146,0.0000014,0.00000134
Argentina,0,0,0,0,0,0,0,0,0,0,0,0,0,0,0,0,0,0,0,0,0,0,0,0,0,0,0,0,0,0,0,0,0,0,0,0,0,0,0,0,0,0,0,0,0,0,0.000694444,0.000694444,0.000346021,0.000277008,0.000277008,0.000208117,0.00017301,9.87654E-05,6.37755E-05,4.32526E-05,3.20461E-05,3.18844E-05,1.83105E-05,1.60231E-05,0.00000565,0.00000441,0.00000401,0.00000534,0.00000357,0.00000375,0.00000378,0.00000342,0.00000342,0.00000243,0.00000252,0.0000028,0.00000244,0.00000204,0.00000209,0.00000199,0.00000211,0.00000214,0.00000223,0.0000021,0.00000213,0.00000196,0.00000199,0.00000197,0.00000186,0.00000174,0.00000173,0.0000017,0.00000164,0.00000157,0.0000016,0.00000154,0.0000014,0.00000135,0.00000129,0.00000127,0.00000123,0.00000122,0.00000117,0.00000111,0.0000011,0.00000108,0.00000108,0.00000109,0.00000105,0.00000101,0.000000978,0.000000931,0.000000899,0.000000838,0.000000797,0.000000741,0.000000695
Australia,0,0,0,0,0,0,0,0,0,0,0,0,0,0,0,0,0,0,0,0,0,0,0,0,0,0,0,0,0,0,0,0,0,0,0,0,0,0,0,0.025,0.025,0.025,0.025206612,0.011317723,0.01125904,0.011238662,0.011249615,0.006336806,0.002843894,0.001281905,0.001281905,0.000533834,0.000361965,0.000357159,0.000134391,0.000113129,8.86464E-05,4.22873E-05,2.92291E-05,0.000015502,0.00000829,0.00000644,0.00000431,0.00000393,0.00000574,0.00000534,0.00000379,0.00000346,0.0000192,0.0000392,0.0000584,0.0000543,0.0000512,0.0000568,0.0000543,0.0000521,0.000051,0.0000569,0.00005,0.0000513,0.000047,0.0000532,0.0000494,0.0000468,0.0000562,0.0000552,0.000056,0.0000543,0.0000528,0.0000514,0.0000512,0.0000505,0.0000527,0.0000548,0.0000566,0.0000578,0.0000573,0.0000565,0.0000584,0.00006,0.00006,0.00006,0.0000603,0.0000598,0.0000588,0.0000586,0.0000583,0.0000583,0.0000583,0.0000583,0.0000583,0.0000583,0.0000583
Austria,0,0,0,0,0,0,0,0,0,0,0,0,0,0,0,0,0,0,0,0,0,0,0,0,0,0,0,0,0,0,0,0,0,0,0,0,0,0,0,0,0,0,0,0,0,0,0,0,0,0,0.0000011,0.000000394,0.000000233,0.000000135,0.000000289,0.000000169,0.000000148,0.000000148,0.000000105,0.000000101,0.000000125,0.000000105,0.0000001,9.61E-08,0.000000103,9.89E-08,9.94E-08,0.000000111,0.000000117,0.000000124,0.000000127,0.000000128,0.000000127,0.000000134,0.00000014,0.000000145,0.000000152,0.000000163,0.000000168,0.000000174,0.000000177,0.00000018,0.000000187,0.00000019,0.000000191,0.000000196,0.000000202,0.000000206,0.000000208,0.000000215,0.000000222,0.000000229,0.000000232,0.000000233,0.000000234,0.000000234,0.000000235,0.000000241,0.000000244,0.000000245,0.000000244,0.000000246,0.000000246,0.000000246,0.000000247,0.000000247,0.000000245,0.000000247,0.000000245,0.000000245,0.000000246,0.000000245,0.000000244
Bangladesh,0,0,0,0,0,0,0,0,0,0,0,0,0,0,0,0,0,0,0,0,0,0,0,0,0,0,0,0,0,0,0,0,0,0,0,0,0,0,0,0,0,0,0,0,0,0,0,0,0,0,0,0,0,0,0,0,0.000510204,0.000346021,0.00025,0.00032,0.000274348,0.000275482,0.000262985,0.000328731,0.000258265,0.000217014,0.000217014,0.000217014,0.000208247,0.000192234,0.000205761,0.000191327,0.000161247,0.000163265,0.000116219,7.93179E-05,6.32064E-05,0.000042084,1.92837E-05,1.50187E-05,0.000012913,0.00000882,0.00000605,0.00000449,0.0000033,0.00000243,0.00000222,0.00000183,0.00000151,0.00000116,0.000000962,0.000000843,0.000000725,0.000000596,0.00000056,0.000000494,0.000000435,0.000000371,0.000000323,0.000000286,0.00000025,0.000000226,0.000000198,0.000000177,0.000000153,0.000000135,0.000000129,0.000000119,0.000000113,0.000000106,9.71E-08,9.01E-08,8.47E-08
Belarus,0,0,0,0,0,0,0,0,0,0,0,0,0,0,0,0,0,0,0,0,0,0,0,0,0,0,0,0,0,0,0,0,0,0,0,0,0,0,0,0,0,0,0,0,0,0,0,0,0,0,0,0,0,0,0,0,0,0,0,0,0,0,0,0,0,0,0,0,0,0.00000433,0.00000753,0.00000433,0.00000325,0.00000258,0.00000253,0.00000265,0.00000175,0.00000114,0.000000725,0.000000484,0.000000464,0.000000391,0.00000034,0.000000307,0.000000259,0.000000226,0.000000184,0.000000197,0.000000206,0.00000013,0.000000122,0.000000109,9.32E-08,8.19E-08,7.29E-08,6.58E-08,5.89E-08,0.000000053,4.83E-08,4.52E-08,4.18E-08,3.87E-08,3.55E-08,3.37E-08,3.18E-08,3.02E-08,2.85E-08,2.72E-08,2.59E-08,2.48E-08,2.36E-08,0.000000023,2.19E-08
Belgium,0,0,0,0,0,0,0,0,0,0,0,0,0,0,0,0,0,0,0,0,0,0,0,0,0,0,0,0,0,0,0,0,0,0,0,0,0,0,0,0,0,0,0,0,0,0,0,0,0,0.00000304,0.00000304,0.00000096,0.000000843,0.00000051,0.000000447,0.000000647,0.000000634,0.000000652,0.000000726,0.000000846,0.000000648,0.000000628,0.000000669,0.00000073,0.000000566,0.000000545,0.000000423,0.000000367,0.000000362,0.000000432,0.000000425,0.000000429,0.000000406,0.000000378,0.000000373,0.000000377,0.000000413,0.000000409,0.000000404,0.000000425,0.000000426,0.00000041,0.000000417,0.000000429,0.000000394,0.000000401,0.000000395,0.000000394,0.000000383,0.000000365,0.000000358,0.000000357,0.000000354,0.00000034,0.000000337,0.000000333,0.000000331,0.000000327,0.000000327,0.000000323,0.00000032,0.000000317,0.000000315,0.000000314,0.000000314,0.000000323,0.000000318,0.000000315,0.00000031,0.000000307,0.000000305,0.000000303,0.000000303
Brazil,0,0,0,0,0,0,0,0,0,0,0,0,0,0,0,0,0,0,0,0,0,0,0,0,0,0,0,0,0,0,0,0,0,0,0,0,0,0,0,0,0,0,0,0,0,0,0,0,0,0,0,0,0,0,0,0.00000097,0.00000217,0.00000156,0.00000175,0.00000144,0.00000105,0.000000918,0.000000911,0.000000905,0.000000864,0.000000788,0.000000728,0.000000751,0.000000758,0.000000615,0.000000514,0.000000501,0.000000438,0.000000415,0.000000392,0.000000381,0.000000348,0.000000313,0.00000029,0.000000274,0.000000262,0.000000248,0.000000242,0.00000024,0.000000216,0.000000208,0.000000189,0.000000175,0.000000165,0.000000156,0.000000148,0.000000139,0.000000133,0.000000127,0.000000115,0.000000108,0.000000101,9.48E-08,8.68E-08,0.000000079,7.54E-08,7.17E-08,0.000000068,6.24E-08,5.96E-08,5.36E-08,4.99E-08,4.64E-08,4.38E-08,0.000000042,4.05E-08,3.92E-08,3.66E-08
Brunei,0,0,0,0,0,0,0,0,0,0,0,0,0,0,0,0,0,0,0,0,0,0,0,0,0,0,0,0,0,0,0,0,0,0,0,0,0,0,0,0,0,0,0,0,0,0,0,0,0,0,0,0,0,0,0,0,0,0,0,0,0,0,0,0,0,0,0.00000694,0.0000063,0.0000062,0.00000601,0.00000583,0.00000565,0.00000557,0.00000549,0.00000549,0.00000549,0.00000549,0.00000549,0.00000549,0.00000541,0.00000541,0.00000541,0.00000541,0.00000541,0.00000541,0.00000541,0.00000541,0.00000533,0.00000525,0.00000525,0.00000525,0.00000525,0.00000525,0.00000525,0.00000525,0.00000525,0.00000525,0.00000525,0.00000525,0.00000525,0.00000525,0.00000525,0.00000525,0.00000525,0.00000525,0.00000518,0.00000503,0.00000503,0.00000503,0.00000503,0.00000503,0.00000503,0.00000503
Cambodia,0,0,0,0,0,0,0,0,0,0,0,0,0,0,0,0,0,0,0,0,0,0,0,0,0,0,0,0,0,0,0,0,0,0,0,0,0,0,0,0,0,0,0,0,0,0,0,0,0,0,0,0,0,0,0,0,0,0,0,0,0,0,0,0,0,0,0,0,0,0,0,0,0,0,0,0,0,0,0,0,0,0,0,0,0,0,0,0,0,0,0,0,0,0,0,0,0,0,0,0,0,0,0,0,0,0,0,0,0,0,0,0,0
Canada,0,0,0,0,0,0,0,0,0,0,0,0,0,0,0,0,0,0,0,0,0,0,0,0,0,0,0,0,0,0,0,0,0,0,0,0,0,0,0,0,0,0,0,0,0,0,0,9.76563E-05,9.76563E-05,6.57462E-05,0.000047259,2.44141E-05,2.44141E-05,1.87652E-05,3.77038E-05,4.06257E-05,0.000022281,2.14624E-05,0.0000229,0.0000256,0.0000182,0.0000103,0.00000661,0.000007,0.00000558,0.0000714,0.000029,0.0000234,0.0000276,0.0000247,0.0000222,0.0000183,0.0000193,0.0000199,0.0000166,0.0000165,0.0000183,0.000178,0.0000197,0.0000208,0.000023,0.0000226,0.0000228,0.0000224,0.0000238,0.000023,0.0000226,0.0000225,0.0000226,0.000024,0.0000238,0.0000235,0.0000233,0.0000229,0.0000229,0.0000227,0.0000229,0.000023,0.0000232,0.0000235,0.1,0.1,0.1,0.1,0.1,0.1,0.1,0.1,0.1,0.1,0.1,0.1,0.1
Chile,0,0,0,0,0,0,0,0,0,0,0,0,0,0,0,0,0,0,0,0,0,0,0,0,0,0,0,0,0,0,0,0,0,0,0,0,0,0,0,0,0,0,0,0,0,0,0,0,0,0,0,0,0,0,0,0,0,0,0,0,0.00000025,0.000000359,0.000000235,0.00000023,0.000000235,0.000000193,0.000000165,0.000000153,0.000000133,0.00000016,0.000000174,0.000000155,0.000000158,0.000000156,0.00000017,0.00000016,0.000000164,0.000000156,0.00000016,0.000000154,0.000000152,0.000000154,0.000000145,0.000000147,0.000000137,0.000000135,0.000000136,0.000000133,0.000000131,0.000000126,0.000000125,0.000000125,0.00000012,0.000000115,0.000000109,0.000000106,0.000000104,0.0000001,9.75E-08,8.84E-08,8.09E-08,7.27E-08,6.72E-08,6.34E-08,5.67E-08,5.29E-08,4.72E-08,4.36E-08,0.000000041,3.74E-08,3.57E-08,3.33E-08,2.93E-08
China,0.00000862,0.100008624,0.031257963,0.002803975,0.001117822,0.000688308,0.00028572,0.000199981,0.000198121,0.000125383,8.07422E-05,6.67797E-05,4.95953E-05,0.00038364,0.000299571,0.000233654,0.000241001,0.000237722,0.000224,0.000168,0.000142,0.000145,0.000172,0.000165,0.000159,0.000156,0.00015,0.000152,0.00018,0.000179,0.000178,0.000195,0.000193,0.000189,0.000185,0.000181,0.000181,0.000198,0.000198,0.000198,0.000196,0.000213,0.000212,0.00021,0.000204,0.000204,0.000209,0.000208,0.000206,0.000204,0.000204,0.000209,0.000206,0.000204,0.000201,0.000201,0.000198,0.000195,0.000197,0.000196,0.000194,0.000193,0.000191,0.00019,0.000183,0.00018,0.000177,0.000175,0.000173,0.000171,0.00017,0.000168,0.000168,0.000167,0.000167,0.000166,0.000165,0.000165,0.000164,0.000163,0.000161,0.000159,0.000158,0.000157,0.000157,0.000156,0.000156,0.000156,0.000155,0.000155,0.000154,0.000154,0.000154,0.000153,0.000153,0.000153,0.000153,0.000153,0.000153,0.000152,0.000152,0.000152,0.000152,0.000152,0.000152,0.000152,0.000152,0.000152,0.000151,0.00015,0.00015,0.000149,0.000149
Colombia,0,0,0,0,0,0,0,0,0,0,0,0,0,0,0,0,0,0,0,0,0,0,0,0,0,0,0,0,0,0,0,0,0,0,0,0,0,0,0,0,0,0,0,0,0,0,0,0,0,0,0,0,0,0,0,0,0,0,0,0,0.00000375,0.00000391,0.0000021,0.00000181,0.00000249,0.00000207,0.00000162,0.00000203,0.00000188,0.00000195,0.0000015,0.00000141,0.00000156,0.00000162,0.00000159,0.00000184,0.00000158,0.00000128,0.0000014,0.00000131,0.00000136,0.00000141,0.00000138,0.00000143,0.00000136,0.00000138,0.00000129,0.00000129,0.00000124,0.00000119,0.00000114,0.00000109,0.00000103,0.000000944,0.000000881,0.000000843,0.000000808,0.00000076,0.000000722,0.000000692,0.00000064,0.000000611,0.000000578,0.000000563,0.00000051,0.000000495,0.000000455,0.000000424,0.000000404,0.000000378,0.000000355,0.000000327,0.000000304
Costa Rica,0,0,0,0,0,0,0,0,0,0,0,0,0,0,0,0,0,0,0,0,0,0,0,0,0,0,0,0,0,0,0,0,0,0,0,0,0,0,0,0,0,0,0,0,0,0,0,0,0,0,0,0,0,0,0,0,0,0.000021004,1.26247E-05,1.46103E-05,1.11383E-05,0.00000801,0.00000638,0.00000495,0.00000375,0.00000289,0.0000023,0.00000203,0.00000184,0.00000166,0.00000142,0.00000128,0.00000116,0.00000106,0.00000097,0.000000917,0.000000857,0.00000119,0.00000103,0.000000964,0.000000901,0.000000847,0.000000801,0.000000785,0.00000102,0.00000097,0.00000095,0.000000932,0.00000115,0.00000137,0.00000134,0.00000129,0.00000127,0.00000127,0.00000125,0.00000124,0.00000124,0.00000121,0.00000118,0.00000116,0.00000114,0.00000112,0.0000011,0.00000109,0.00000105,0.00000104,0.00000103,0.000001,0.000000986,0.00000112,0.00000109,0.00000108,0.0000012
Croatia,0,0,0,0,0,0,0,0,0,0,0,0,0,0,0,0,0,0,0,0,0,0,0,0,0,0,0,0,0,0,0,0,0,0,0,0,0,0,0,0,0,0,0,0,0,0,0,0,0,0,0,0,0,0,0,0,0,0.00000907,0.0000061,0.00000236,0.00000155,0.00000101,0.000000685,0.000000512,0.00000122,0.000000874,0.00000116,0.00000118,0.000000961,0.000000798,0.000000647,0.000000685,0.000000687,0.000000946,0.00000107,0.00000107,0.0000011,0.00000105,0.00000101,0.00000094,0.000000892,0.000000898,0.000000918,0.00000107,0.00000109,0.00000109,0.00000109,0.00000116,0.00000134,0.00000133,0.00000132,0.00000126,0.00000127,0.00000126,0.00000133,0.00000133,0.00000142,0.0000015,0.00000158,0.0000016,0.00000173,0.00000177,0.0000018,0.00000181,0.00000186,0.00000189,0.0000019,0.00000184,0.00000184,0.00000188,0.00000189,0.00000187,0.00000192
Denmark,0,0,0,0,0,0,0,0,0,0,0,0,0,0,0,0,0,0,0,0,0,0,0,0,0,0,0,0,0,0,0,0,0,0,0,0,0,0,0,0,0,0,0,0,0,0,0,0,0,0,0,0,0.000000292,0.000000536,0.000000718,0.000000838,0.000000716,0.000000906,0.00000114,0.00000148,0.00000134,0.00000228,0.00000252,0.00000228,0.00000232,0.00000248,0.00000268,0.00000252,0.00000232,0.0000022,0.00000216,0.00000214,0.00000197,0.00000194,0.00000188,0.00000171,0.00000158,0.00000149,0.00000149,0.00000146,0.00000145,0.00000143,0.00000143,0.00000141,0.00000138,0.00000136,0.00000134,0.00000132,0.0000013,0.00000129,0.00000125,0.00000123,0.00000121,0.0000012,0.00000117,0.00000115,0.00000113,0.00000111,0.00000109,0.00000108,0.00000106,0.00000107,0.00000107,0.00000105,0.00000104,0.00000102,0.00000101,0.000001,0.000000988,0.000000972,0.000000964,0.00000094,0.000000936
Ecuador,0,0,0,0,0,0,0,0,0,0,0,0,0,0,0,0,0,0,0,0,0,0,0,0,0,0,0,0,0,0,0,0,0,0,0,0,0,0,0,0,0,0,0,0,0,0,0,0,0,0,0,0,0.000255102,0.000255102,0.000146092,0.000059453,1.62324E-05,0.00000758,0.00000371,0.00000273,0.00000225,0.00000187,0.00000231,0.00000203,0.00000173,0.00000142,0.00000144,0.00000157,0.00000156,0.00000149,0.00000123,0.0000012,0.00000128,0.00000143,0.00000135,0.00000136,0.00000136,0.00000122,0.0000011,0.000000579,0.000000598,0.000000597,0.000000626,0.000000638,0.000000628,0.000000596,0.00000059,0.00000056,0.000000529,0.000000494,0.000000481,0.000000456,0.000000448,0.000000112,0.000000112,0.000000112,0.000000123,0.000000148,0.000000145,0.000000145,0.000000153,0.000000182,0.000000179,0.000000154,0.000000154,0.000000159,0.00000018,0.000000205,0.000000203,0.000000243,0.000000246,0.000000251,0.000000251
Egypt,0,0,0,0,0,0,0,0,0,0,0,0,0,0,0,0,0,0,0,0,0,0,0,0,0,0,0,0,0,0,0,0,0,0,0,0,0,0,0,0,0,0,0,0,0,0,4.16493E-05,3.30579E-05,2.87274E-05,2.77778E-05,2.22767E-05,0.00003125,1.68336E-05,1.65289E-05,0.00000889,1.04123E-05,1.56185E-05,0.00000916,0.00000985,1.15693E-05,1.30928E-05,1.41838E-05,1.23759E-05,1.00993E-05,0.00000979,1.04422E-05,1.08507E-05,1.07851E-05,0.00000953,0.00000913,0.00000857,0.00000775,0.0000068,0.0000062,0.00000567,0.00000486,0.00000447,0.00000423,0.00000409,0.00000419,0.00000388,0.00000373,0.00000342,0.00000322,0.00000292,0.00000274,0.00000253,0.00000244,0.00000242,0.00000225,0.00000217,0.00000206,0.0000019,0.00000176,0.00000165,0.00000154,0.00000147,0.00000141,0.00000137,0.00000128,0.00000117,0.00000108,0.00000103,0.000000939,0.000000872,0.000000815,0.000000757,0.0000007,0.00000064,0.000000594,0.000000561,0.000000534,0.000000511
Estonia,0,0,0,0,0,0,0,0,0,0,0,0,0,0,0,0,0,0,0,0,0,0,0,0,0,0,0,0,0,0,0,0,0,0,0,0,0,0,0,0,0,0,0,0,0,0,0,0,0,0,0,0,0,0,0,0,0,0,0,0,0,0,0,0.000000613,0.000000345,0.000000302,0.00000024,0.000000651,0.000000587,0.000000721,0.000000824,0.00000149,0.0000013,0.0000012,0.00000125,0.00000155,0.00000159,0.00000171,0.00000165,0.00000152,0.00000141,0.00000146,0.00000158,0.00000164,0.00000179,0.00000175,0.00000179,0.00000166,0.00000171,0.0000017,0.00000179,0.00000181,0.00000178,0.00000179,0.00000172,0.00000182,0.00000184,0.00000181,0.0000018,0.00000182,0.00000181,0.00000184,0.0000019,0.0000019,0.00000188,0.00000187,0.00000189,0.00000188,0.000002,0.00000198,0.00000201,0.000002,0.00000199
Finland,0,0,0,0,0,0,0,0,0,0,0,0,0,0,0,0,0,0,0,0,0,0,0,0,0,0,0,0,0,0,0,0,0,0,0,0,0,0,0,0,0,0,0,0,0,0,0,0,0,0,0,0,0,0,0,0,0,0,0,0.000000366,0.000000255,0.000000204,0.000000159,0.000000387,0.000000545,0.000000646,0.000000661,0.000000715,0.000000711,0.000000845,0.000000813,0.000000825,0.000000767,0.000000706,0.000000754,0.00000057,0.000000638,0.000000647,0.000000619,0.000000626,0.000000581,0.000000633,0.000000628,0.000000641,0.000000687,0.000000661,0.000000674,0.000000664,0.000000657,0.000000655,0.000000875,0.000000874,0.000000937,0.000000916,0.000000929,0.000000907,0.000000876,0.000000886,0.000000856,0.000000846,0.000000854,0.000000821,0.000000833,0.000000846,0.00000084,0.000000811,0.000000792,0.00000079,0.000000766,0.000000751,0.000000757,0.000000763,0.000000775
France,0,0,0,0,0,0,0,0,0,0,0,0,0,0,0,0,0,0,0,0,0,0,0,0,0.000694444,0.000694444,0.000694444,0.000694444,0.000694444,0.000694444,0.000694444,0.000694444,0.000694444,0.000694444,0.000510204,0.000617284,0.000138504,6.15574E-05,0.00002,1.18343E-05,0.00000822,0.00000961,0.00000492,0.00000422,0.00000211,0.00000122,0.0000015,0.0000013,0.00000104,0.000000923,0.000000923,0.000000589,0.000000456,0.00000045,0.000445,0.000391,0.000277,0.000189,0.0000979,0.0000979,0.0000816,0.0000618,0.000057,0.0000419,0.0000419,0.0000342,0.0000309,0.0000473,0.000492,0.000505,0.000511,0.000267,0.000275,0.000412,0.000261,0.000261,0.000256,0.000268,0.000267,0.000265,0.000267,0.000267,0.000266,0.000264,0.00024,0.000239,0.00024,0.000221,0.000233,0.000244,0.000268,0.00026,0.000258,0.000322,0.000318,0.000318,0.000318,0.000316,0.000316,0.000312,0.000311,0.000311,0.000311,0.000309,0.00031,0.000313,0.000312,0.00031,0.000299,0.000298,0.000298,0.000297,0.000296
Gambia,0,0,0,0,0,0,0,0,0,0,0,0,0,0,0,0,0,0,0,0,0,0,0,0,0,0,0,0,0,0,0,0,0,0,0,0,0,0,0,0,0,0,0,0,0,0,0,0,0,0,0,0,0,0,0,0,0,0,0,0,0,0.025,0.011111111,0.011111111,0.011111111,0.011111111,0.011111111,0.00625,0.00625,0.00625,0.00625,0.00625,0.00625,0.00625,0.00625,0.00625,0.00625,0.00625,0.00625,0.00625,0.001234568,0.001234568,0.001234568,0.001234568,0.001234568,0.001234568,0.001234568,0.001234568,0.001,0.001,0.001,0.001,0.001,0.001,0.001,0.001,0.001,0.001,0.001,0.000826446,0.000694444,0.000346021,0.000346021,0.000346021,0.000346021,0.000346021,0.000308642,0.00025,0.00025,0.00025,0.000206612,0.000206612,0.000189036
Georgia,0,0,0,0,0,0,0,0,0,0,0,0,0,0,0,0,0,0,0,0,0,0,0,0,0,0,0,0,0,0,0,0,0,0,0,0,0,0,0,0,0,0,0,0,0,0,0,0,0,0,0,0,0,0,0,0,0,0,0,0,0,0,0,0,0,0,0,0,0,0,0,0,0,0.00000381,0.00000661,0.00000566,0.00000781,0.00000674,0.00000631,0.00000548,0.00000512,0.00000454,0.00000405,0.00000333,0.0000032,0.00000248,0.00000219,0.00000266,0.00000258,0.00000248,0.0000024,0.00000289,0.00000277,0.00000254,0.0000024,0.00000254,0.00000243,0.0000023,0.00000224,0.00000207,0.00000219,0.00000236,0.00000259,0.00000256,0.00000247,0.00000242,0.00000238,0.00000258,0.00000255,0.00000248,0.0000027,0.00000267,0.00000263
Germany,0,0,0,0,0,0,0,0,0,0,0,0,0,0,0,0,0,0,0,0,0,0,0,0,0,0,0,0,0,0,0,0,0,0,0,0,0,0,0,0,0,0,0,0,0,0,0,0.000000145,9.42E-08,8.24E-08,6.95E-08,5.18E-08,4.28E-08,3.28E-08,3.21E-08,0.000000028,1.84E-08,1.87E-08,0.000000017,0.000000017,1.52E-08,1.46E-08,1.44E-08,1.48E-08,1.38E-08,1.32E-08,0.000000013,1.38E-08,1.44E-08,0.000000015,1.52E-08,1.54E-08,1.53E-08,1.56E-08,1.58E-08,1.69E-08,1.74E-08,1.83E-08,1.87E-08,1.85E-08,1.75E-08,1.85E-08,1.89E-08,1.91E-08,2.09E-08,2.14E-08,2.18E-08,2.17E-08,2.18E-08,2.25E-08,2.29E-08,2.33E-08,2.38E-08,0.000000024,0.000000024,0.000000024,2.43E-08,2.47E-08,2.48E-08,2.49E-08,0.000000025,0.000000025,0.000000025,2.53E-08,2.51E-08,2.57E-08,2.58E-08,2.58E-08,2.57E-08,2.56E-08,2.57E-08,2.58E-08,2.59E-08
Ghana,0,0,0,0,0,0,0,0,0,0,0,0,0,0,0,0,0,0,0,0,0,0,0,0,0,0,0,0,0,0,0,0,0,0,0,0,0,0,0,0,0,0,0,0,0,0,0,0,0,0,0,0,0,0,0,0,0,0,0,0.000277008,0.000189036,0.000274348,7.11997E-05,4.62481E-05,2.29568E-05,2.13117E-05,2.51496E-05,2.16413E-05,2.16413E-05,1.92894E-05,1.31492E-05,1.20146E-05,1.18977E-05,1.18977E-05,0.000010918,0.000010918,0.00000607,0.00000612,0.0000042,0.0000042,0.00000481,0.0000025,0.0000025,0.00000198,0.00000198,0.00000195,0.00000195,0.00000129,0.000000829,0.000000829,0.000000829,0.000000676,0.000000676,0.000000611,0.000000611,0.000000458,0.000000458,0.000000573,0.000000573,0.000000395,0.000000395,0.000000383,0.000000383,0.000000243,0.000000243,0.000000188,0.000000188,0.000000112,0.000000121,0.000000121,9.96E-08,8.37E-08,8.21E-08
Greece,0,0,0,0,0,0,0,0,0,0,0,0,0,0,0,0,0,0,0,0,0,0,0,0,0,0,0,0,0,0,0,0,0,0,0,0,0,0,0,0,0,0,0,0,0,0,0,0,0,0.000010203,0.000010203,0.00000277,0.00000577,0.00000365,0.00000365,0.00000334,0.00000286,0.00000343,0.00000245,0.00000463,0.00000385,0.00000352,0.00000362,0.00000326,0.00000327,0.000003,0.00000284,0.00000284,0.00000293,0.00000284,0.0000025,0.00000222,0.00000242,0.00000243,0.00000243,0.00000256,0.00000241,0.00000234,0.00000228,0.00000227,0.00000215,0.00000219,0.00000215,0.00000214,0.00000212,0.00000216,0.00000218,0.0000022,0.00000226,0.0000023,0.0000021,0.00000209,0.00000206,0.0000021,0.00000207,0.00000212,0.00000212,0.0000021,0.00000209,0.00000209,0.00000205,0.00000208,0.00000209,0.00000211,0.00000209,0.00000207,0.00000206,0.00000207,0.00000206,0.00000205,0.00000203,0.00000202,0.00000203
Hungary,0,0,0,0,0,0,0,0,0,0,0,0,0,0,0,0,0,0,0,0,0,0,0,0,0,0,0,0,0,0,0,0,0,0,0,0,0,0,0,0,0,0,0,0,0,0,0,0,0,0,0,0,0,9.76563E-05,6.57462E-05,0.00004,2.97265E-05,1.87652E-05,4.15225E-05,3.77038E-05,0.000034963,2.50995E-05,2.57371E-05,1.95787E-05,1.46798E-05,1.11111E-05,0.00000935,0.00000781,0.00000751,0.00000661,0.00000726,0.00000614,0.0000067,0.00000696,0.00000633,0.00000686,0.00000704,0.00000724,0.00000687,0.00000544,0.00000495,0.00000498,0.00000513,0.00000534,0.00000537,0.0000052,0.00000502,0.00000511,0.00000515,0.00000506,0.00000484,0.00000479,0.00000458,0.00000439,0.00000439,0.00000435,0.0000042,0.00000415,0.00000403,0.00000405,0.00000394,0.00000387,0.00000378,0.00000381,0.00000386,0.00000385,0.00000386,0.00000388,0.00000392,0.00000388,0.0000039,0.00000387,0.00000385
Iceland,0,0,0,0,0,0,0,0,0,0,0,0,0,0,0,0,0,0,0,0,0,0,0,0,0,0,0,0,0,0,0,0,0,0,0,0,0,0,0,0,0,0,0,0,0,0,0,0,0,0,0,0,0,1.70993E-05,0,0.00000207,0.0000016,0.000000918,0,0.000000447,0.00000031,0.000000289,0.000000476,0.000000368,0.000000311,0.000000252,0.000000216,0.000000192,0.00000017,0.000000155,0.000000134,0.00000023,0.000000215,0.000000199,0.000000181,0.000000246,0.000000239,0.00000023,0.000000221,0.000000249,0.00000028,0.000000276,0.000000273,0.00000027,0.000000268,0.000000265,0.000000293,0.000000291,0.000000287,0.000000318,0.000000316,0.000000314,0.000000312,0.000000312,0.000000312,0.000000311,0.000000311,0.00000031,0.00000031,0.00000031,0.000000309,0.000000309,0.000000309,0.000000309,0.000000309,0.000000309,0.000000308,0.000000308,0.000000308,0.000000308,0.000000308,0.000000308,0.000000308
India,0,0,0,0,0,0,0,0,0,0,0,0,0,0,0,0,0,0,0,0,0,0,0,0,0,0,0,0,0,0,0,0,0,0,0,0,0,0,0,0,0,0,0,0,0,0,0,0,0,2.60146E-05,1.87652E-05,2.97442E-05,1.92234E-05,1.56629E-05,1.41233E-05,0.000014878,1.23274E-05,1.06281E-05,0.0000084,0.00000367,0.00000446,0.00000402,0.00000348,0.00000278,0.00000378,0.00000254,0.00000246,0.00000257,0.00000204,0.00000179,0.00000145,0.00000111,0.00000109,0.000000905,0.000000769,0.000000596,0.000000532,0.000000509,0.0000005,0.000000426,0.000000404,0.000000391,0.000000328,0.000000298,0.000000267,0.000000248,0.000000236,0.000000211,0.00000018,0.000000172,0.00000016,0.000000149,0.000000135,0.00000013,0.000000119,0.000000113,0.000000108,0.000000103,9.87E-08,9.49E-08,8.81E-08,8.39E-08,0.000000077,7.26E-08,6.94E-08,6.36E-08,5.95E-08,5.57E-08,5.33E-08,0.000000049,4.58E-08,4.38E-08,4.19E-08
Indonesia,0,0,0,0,0,0,0,0,0,0,0,0,0,0,0,0,0,0,0,0,0,0,0,0,0,0,0,0,0,0,0,0,0,0,0,0,0,0,0,0,0,0,0,0,0,0,0,0,0,8.65052E-05,8.65052E-05,0.000084016,5.42535E-05,3.65257E-05,2.78458E-05,0.000016901,3.68724E-05,2.58475E-05,2.35016E-05,1.87654E-05,1.81683E-05,1.46164E-05,1.16873E-05,0.00000929,0.00000978,0.00000795,0.00000765,0.0000069,0.0000061,0.00000582,0.00000558,0.00000531,0.00000459,0.00000436,0.00000383,0.00000337,0.00000295,0.00000275,0.00000258,0.00000248,0.00000222,0.00000207,0.00000192,0.00000196,0.00000178,0.00000163,0.00000148,0.00000137,0.00000135,0.00000129,0.00000121,0.00000115,0.00000107,0.00000102,0.000000972,0.000000942,0.000000925,0.000000855,0.000000821,0.000000774,0.000000719,0.000000707,0.000000675,0.000000644,0.000000598,0.000000579,0.00000057,0.000000548,0.000000515,0.000000494,0.000000487,0.000000463,0.000000431
Iran,0,0,0,0,0,0,0,0,0,0,0,0,0,0,0,0,0,0,0,0,0,0,0,0,0,0,0,0,0.05,0.008,0.001234568,0.000637755,0.000432666,0.000322494,0.000177285,9.83386E-05,4.33153E-05,2.25848E-05,1.22281E-05,0.00000565,0.00000293,0.00000141,0.00000108,0.000000867,0.00000055,0.000000428,0.00000045,0.000000462,0.00000045,0.000000437,0.000000423,0.000000398,0.000000377,0.000000373,0.00000038,0.000000378,0.000000377,0.000000379,0.000000371,0.000000366,0.00000036,0.000000341,0.000000314,0.000000285,0.000000258,0.000000227,0.000000201,0.00000018,0.00000016,0.000000146,0.000000134,0.000000124,0.000000116,0.000000111,0.000000106,0.000000102,9.88E-08,9.57E-08,9.37E-08,0.000000091,8.88E-08,8.71E-08,8.53E-08,8.35E-08,8.19E-08,0.00000008,7.85E-08,7.69E-08,7.57E-08,7.47E-08,7.37E-08,7.29E-08,7.24E-08,7.17E-08,7.08E-08,6.97E-08,6.94E-08,6.86E-08,6.79E-08,6.73E-08,6.66E-08,6.62E-08,6.54E-08,6.45E-08,6.34E-08,6.21E-08,0.000000061,5.97E-08,5.84E-08,5.73E-08,0.000000056,5.49E-08,5.34E-08
Ireland,0,0,0,0,0,0,0,0,0,0,0,0,0,0,0,0,0,0,0,0,0,0,0,0,0,0,0,0,0,0,0,0,0,0,0,0,0,0,0,0,0,0,0,0,0,0,0,0,0,5.40833E-05,5.40833E-05,1.23457E-05,1.20185E-05,1.20185E-05,0.000007,0.00000402,0.00000235,0.000000967,0.000000643,0.000000487,0.000000487,0.000000474,0.000000396,0.000000368,0.000000574,0.000000489,0.000000617,0.000000673,0.000000638,0.000000678,0.000000715,0.000000662,0.000000657,0.000000646,0.000000634,0.000000605,0.000000644,0.000000637,0.000000609,0.000000439,0.000000401,0.000000358,0.000000322,0.000000308,0.000000282,0.000000276,0.000000271,0.000000262,0.000000262,0.00000028,0.000000284,0.000000277,0.000000256,0.000000307,0.000000309,0.000000293,0.000000285,0.000000293,0.00000029,0.00000029,0.000000291,0.000000287,0.000000282,0.000000278,0.000000277,0.000000278,0.00000028,0.000000281,0.000000279,0.000000276,0.000000274,0.000000275,0.000000273
Israel,0,0,0,0,0,0,0,0,0,0,0,0,0,0,0,0,0,0,0,0,0,0,0,0,0,0,0,0,0,0,0,0,0,0,0,0,0,0,0,0,0,0,0,0,0,0,0,0,0,0,0,0,0,0,0,0,0,0,0,0.000000197,0.000000128,8.72E-08,0.000000196,8.91E-08,0.00000011,0.00000013,9.16E-08,8.32E-08,7.26E-08,6.97E-08,7.01E-08,7.66E-08,7.25E-08,7.14E-08,0.000000069,7.19E-08,0.000000076,8.25E-08,8.66E-08,8.77E-08,8.75E-08,8.29E-08,8.64E-08,8.48E-08,8.32E-08,8.72E-08,8.96E-08,9.32E-08,9.45E-08,9.41E-08,9.47E-08,8.99E-08,8.76E-08,8.56E-08,0.000000085,8.43E-08,8.43E-08,8.49E-08,8.58E-08,8.73E-08,8.68E-08,8.74E-08,8.83E-08,0.000000089,8.97E-08,8.98E-08,8.94E-08,9.07E-08,9.12E-08,9.28E-08,9.47E-08,9.52E-08,9.64E-08
Italy,0,0,0,0,0,0,0,0,0,0,0,0,0,0,0,0,0,0,0,0,0,0,0,0,0,0,0,0,0,0,0.00025,5.20291E-05,0.000012487,1.33483E-05,0.00000964,0.00000585,0.00000396,0.00000266,0.00000228,0.00000118,0.00000125,0.00000126,0.00000112,0.000000994,0.000000917,0.000000673,0.000000673,0.00000055,0.000000613,0.000000533,0.000000533,0.000000406,0.000000322,0.000000295,0.000000276,0.000000252,0.000000233,0.000000202,0.000000182,0.000000168,0.000000157,0.000000149,0.000000143,0.000000136,0.000000126,0.000000122,0.000000117,0.000000113,0.000000112,0.000000111,0.000000108,0.000000105,0.000000102,9.89E-08,9.55E-08,0.000000094,9.32E-08,9.09E-08,8.86E-08,8.65E-08,0.000000084,8.14E-08,8.04E-08,7.98E-08,7.94E-08,7.77E-08,7.65E-08,0.000000075,7.39E-08,7.34E-08,7.28E-08,7.15E-08,7.08E-08,6.97E-08,6.91E-08,6.82E-08,6.78E-08,6.74E-08,6.68E-08,6.62E-08,6.56E-08,6.55E-08,6.51E-08,6.47E-08,6.46E-08,6.45E-08,6.43E-08,0.000000064,6.38E-08,6.37E-08,6.36E-08,6.32E-08,6.31E-08
Japan,0,0,0,0,0,0,0,0,0,0,0,0,0,0,0,0,0,0,0,0,0,0,0.000127551,0.000118906,5.40833E-05,2.87274E-05,2.29568E-05,1.82615E-05,1.41723E-05,1.13173E-05,0.00000907,0.00000672,0.00000463,0.00000396,0.00000346,0.0000056,0.00000873,0.00000769,0.00000861,0.00000916,0.00000799,0.00000699,0.00000548,0.00000463,0.0000034,0.00000282,0.00000238,0.00000383,0.00000296,0.00000367,0.00000392,0.00000387,0.00000368,0.00000313,0.00000384,0.00000376,0.00000367,0.0000034,0.00000356,0.00000345,0.00000338,0.0000033,0.00000302,0.00000263,0.00000244,0.00000227,0.00000181,0.00000155,0.00000155,0.00000147,0.0000012,0.000000996,0.00000092,0.000000781,0.000000781,0.000000637,0.000000603,0.000000513,0.000000432,0.000000324,0.000000275,0.000000237,0.000000226,0.000000245,0.000000223,0.000000239,0.000000198,0.000000209,0.000000202,0.000000202,0.000000212,0.000000212,0.000000214,0.00000021,0.000000206,0.000000206,0.000000192,0.000000209,0.000000214,0.000000217,0.000000222,0.000000223,0.00000022,0.000000236,0.000000239,0.000000239,0.000000241,0.000000243,0.000000247,0.000000251,0.000000252,0.000000258,0.000000263
Jordan,0,0,0,0,0,0,0,0,0,0,0,0,0,0,0,0,0,0,0,0,0,0,0,0,0,0,0,0,0,0,0,0,0,0,0,0,0,0,0,0,0,0,0,0,0,0,0,0,0,0,0,0,0,0,0,0,0,0,0,0,0,0,0,0,0,0.00000181,0.00000165,0.00000447,0.00000696,0.00000666,0.00000647,0.00000559,0.0000052,0.00000479,0.0000042,0.00000493,0.00000482,0.00000468,0.00000506,0.00000506,0.00000482,0.00000463,0.00000458,0.00000444,0.00000435,0.00000433,0.00000423,0.0000041,0.00000403,0.00000388,0.00000382,0.0000037,0.00000367,0.0000036,0.00000355,0.0000035,0.00000347,0.00000397,0.00000393,0.0000039,0.0000038,0.00000425,0.00000423,0.00000416,0.00000406,0.00000402,0.00000369,0.00000349,0.0000033,0.00000309,0.00000285,0.00000271,0.00000266
Kazakhstan,0,0,0,0,0,0,0,0,0,0,0,0,0,0,0,0,0,0,0,0,0,0,0,0,0,0,0,0,0,0,0,0,0,0,0,0,0,0,0,0,0,0,0,0,0,0,0,0,0,0,0,0,0,0,0,0,0,0,0.000124948,0,0,0,0,0,0.00000812,0.00000444,0.00000192,0.00000124,0.0000011,0.0000017,0.00000208,0.00000159,0.00000279,0.00000177,0.00000176,0.00000137,0.00000124,0.00000132,0.00000131,0.00000152,0.00000134,0.00000111,0.00000101,0.000000922,0.000000954,0.000000865,0.000000711,0.000000652,0.000000605,0.000000554,0.000000477,0.000000417,0.000000382,0.000000406,0.00000037,0.000000339,0.000000311,0.000000273,0.000000254,0.000000216,0.000000193,0.000000168,0.000000176,0.000000177,0.000000164,0.000000153,0.000000143,0.000000133,0.000000125,0.00000012,0.000000118,0.000000115,0.000000109
Kuwait,0,0,0,0,0,0,0,0,0,0,0,0,0,0,0,0,0,0,0,0,0,0,0,0,0,0,0,0,0,0,0,0,0,0,0,0,0,0,0,0,0,0,0,0,0,0,0,0,0,0,0,0,0,0,0,0,0,0,0,0,0,0,0,0,0,0,0,0,0,0,0,0,0,0.000000436,0.000000323,0.000000226,0.000000181,0.000000137,0.000000121,0.000000101,7.51E-08,6.57E-08,0.000000118,0.000000163,0.000000152,0.000000129,0.000000182,0.000000196,0.000000191,0.000000226,0.000000254,0.000000257,0.000000243,0.00000022,0.000000227,0.000000212,0.000000203,0.000000194,0.000000172,0.000000161,0.000000157,0.000000155,0.000000153,0.000000144,0.000000119,0.000000106,0.000000102,9.05E-08,8.43E-08,7.68E-08,7.54E-08,0.000000071,6.74E-08
Latvia,0,0,0,0,0,0,0,0,0,0,0,0,0,0,0,0,0,0,0,0,0,0,0,0,0,0,0,0,0,0,0,0,0,0,0,0,0,0,0,0,0,0,0,0,0,0,0,0,0,0,0,0,0,0,0,0,0,0,0,0,0,0,0,0,0,0,0,0,0,0,0,0,0.000000411,0.000000386,0.000000352,0.00000034,0.000000666,0.000000601,0.000000865,0.000000801,0.000000756,0.00000118,0.00000117,0.00000116,0.00000113,0.0000011,0.00000107,0.000000986,0.000000946,0.000000916,0.00000161,0.0000019,0.00000182,0.00000195,0.00000186,0.00000182,0.00000194,0.00000186,0.00000208,0.00000204,0.00000211,0.00000211,0.00000207,0.00000199,0.00000212,0.0000021,0.00000218,0.00000209,0.00000208,0.00000204,0.00000201,0.00000199,0.0000021
Lithuania,0,0,0,0,0,0,0,0,0,0,0,0,0,0,0,0,0,0,0,0,0,0,0,0,0,0,0,0,0,0,0,0,0,0,0,0,0,0,0,0,0,0,0,0,0,0,0,0,0,0,0,0,0,0,0,0,0,0,0,1.45159E-05,0.00000489,0.00000312,0.00000458,0.00000533,0.00000447,0.0000039,0.00000451,0.00000331,0.0000029,0.00000277,0.00000237,0.00000214,0.00000186,0.00000185,0.00000198,0.00000211,0.00000194,0.0000018,0.00000175,0.0000022,0.00000218,0.00000207,0.00000213,0.00000253,0.00000252,0.00000251,0.0000025,0.00000215,0.00000208,0.0000021,0.00000209,0.00000202,0.00000205,0.00000201,0.00000202,0.00000198,0.00000195,0.00000244,0.00000238,0.00000235,0.0000023,0.00000233,0.00000231,0.00000228,0.00000227,0.00000235,0.00000239,0.00000238,0.00000235,0.00000229,0.00000227,0.00000225,0.00000238
Luxembourg,0,0,0,0,0,0,0,0,0,0,0,0,0,0,0,0,0,0,0,0,0,0,0,0,0,0,0,0,0,0,0,0,0,0,0,0,0,0,0,0,0,0,0,0,0,0,0,0,0,0,0,0,3.84468E-05,2.87274E-05,1.68663E-05,0.0000051,0.00000485,0.00000356,0.00000171,0.00000178,0.00000126,0.00000104,0.000000662,0.00000045,0.000000426,0.000000582,0.000000537,0.000000552,0.000000557,0.000000485,0.000000539,0.000000485,0.000000454,0.000000416,0.000000458,0.000000507,0.000000499,0.0000005,0.000000536,0.00000052,0.00000058,0.000000613,0.000000637,0.000000613,0.000000606,0.000000582,0.000000595,0.000000576,0.000000579,0.000000592,0.000000596,0.000000599,0.000000618,0.000000623,0.000000617,0.000000635,0.000000633,0.000000636,0.000000627,0.000000629,0.000000636,0.000000633,0.000000657,0.000000655,0.000000651,0.000000661,0.000000672,0.000000667,0.000000672,0.000000669,0.000000668,0.000000673,0.000000676
Malaysia,0,0,0,0,0,0,0,0,0,0,0,0,0,0,0,0,0,0,0,0,0,0,0,0,0,0,0,0,0,0,0,0,0,0,0,0,0,0,0,0,0,0,0,0,0,0,0,0,0,0,0,0,0,0,0,0.000000442,0.00000032,0.000000247,0.000000283,0.000000286,0.000000586,0.000000608,0.000000607,0.00000062,0.000000558,0.000000557,0.000000502,0.000000574,0.000000537,0.000000562,0.000000532,0.000000515,0.000000477,0.00000047,0.000000455,0.000000431,0.000000401,0.000000383,0.000000375,0.000000371,0.000000356,0.000000347,0.000000332,0.00000033,0.000000323,0.000000313,0.000000312,0.000000313,0.000000306,0.000000302,0.000000306,0.000000304,0.000000303,0.000000296,0.000000297,0.000000293,0.000000292,0.000000292,0.000000283,0.000000283,0.000000279,0.00000027,0.000000265,0.00000026,0.00000026,0.000000259,0.000000256,0.000000251,0.000000249,0.000000244,0.000000241,0.00000024,0.000000242
Mexico,0,0,0,0,0,0,0,0,0,0,0,0,0,0,0,0,0,0,0,0,0,0,0,0,0,0,0,0,0,0,0,0,0,0,0,0,0,0,0,0,0,0,0,0,0,0,0,0,0,0,0,0,0,0,0,0,0,0.00000372,0.00000485,0.00000317,0.000003,0.00000297,0.00000305,0.00000266,0.00000234,0.00000233,0.00000222,0.00000203,0.00000234,0.00000196,0.00000195,0.00000219,0.00000211,0.00000221,0.00000205,0.0000021,0.00000182,0.00000172,0.00000164,0.00000158,0.00000153,0.00000136,0.00000132,0.00000139,0.00000131,0.00000123,0.00000116,0.00000116,0.00000101,0.000000925,0.000000949,0.000000872,0.00000079,0.000000737,0.000000681,0.000000627,0.000000595,0.000000559,0.000000547,0.000000503,0.000000458,0.000000422,0.000000391,0.000000366,0.00000037,0.000000354,0.000000338,0.000000318,0.000000299,0.000000283,0.000000271,0.000000267,0.000000261
Nepal,0,0,0,0,0,0,0,0,0,0,0,0,0,0,0,0,0,0,0,0,0,0,0,0,0,0,0,0,0,0,0,0,0,0,0,0,0,0,0,0,0,0,0,0,0,0,0,0,0,0,0,0,0,0,0,0,0,0,0,0,0,0,0,0,0,0,0,0,0,0,0,0,0,0,0,0,0,0,0,0,0,0,0,0,0,0,0,0,0,0,0,0,0,0,0,0,0,0,0,0,0,0,0,0,0,0,0,0,0,0,0,0,0
Netherlands,0,0,0,0,0,0,0,0,0,0,0,0,0,0,0,0,0,0,0,0,0,0,0,0,0,0,0,0,0,0,0,0,0,0,0,0,0,0,0,0,0,0,0,0,0,0,0,0,0,0,0,0,0,0,0,0,0,0,0,0,0,0,0,0,0,0,0,0,0,0,0,0,0,0,0,0,0,0,0,0,0,0,0,0,0.000011562,2.21607E-05,2.17014E-05,2.17014E-05,2.12562E-05,2.12562E-05,2.12562E-05,0.00002,0.00002,0.00002,0.00002,0.00002,0.00002,0.00002,0.00002,0.00002,0.00002,0.00002,0.00002,0.00002,1.96059E-05,1.96059E-05,2.94089E-05,2.94089E-05,2.94089E-05,2.94089E-05,2.94089E-05,2.94089E-05,2.94089E-05
Netherlands,0,0,0,0,0,0,0,0,0,0,0,0,0,0,0,0,0,0,0,0,0,0,0,0,0,0,0,0,0,0,0,0,0,0,0,0,0,0,0,0,0,0,0,0,0.0000061,0.00000283,0.00000427,0.00000291,0.00000274,0.00000198,0.00000198,0.00000155,0.0000013,0.00000155,0.0000012,0.00000148,0.00000138,0.0111,0.0111,0.0111,0.0111,0.00625,0.00278,0.00278,0.00278,0.00156,0.00156,0.00156,0.000827,0.000827,0.00122,0.00114,0.00121,0.00158,0.00147,0.00103,0.000967,0.000886,0.000835,0.000831,0.000871,0.000871,0.000871,0.000843,0.000843,0.00081,0.000809,0.000752,0.000755,0.000755,0.000755,0.000749,0.000756,0.000636,0.000636,0.000648,0.000648,0.000642,0.000642,0.000642,0.000636,0.000636,0.000636,0.000636,0.000653,0.000653,0.000663,0.000663,0.00068,0.00068,0.00068,0.00068,0.00068
New Zealand,0,0,0,0,0,0,0,0,0,0,0,0,0,0,0,0,0,0,0,0,0,0,0,0,0,0,0,0,0,0,0,0,0,0,0,0,0,0,0,0,0,0,0,0,0,0,0,0,0,0,0,0,0,0,0,0,0,0,0,0,0,0,0,0,0,0,0,0.000000379,0.000000288,0.000000239,0.000000199,0.000000157,0.000000133,0.000000111,9.26E-08,8.18E-08,7.43E-08,6.83E-08,6.51E-08,0.000000122,0.000000232,0.000000226,0.000000275,0.000000482,0.000000469,0.000000459,0.000000554,0.000000544,0.000000586,0.000000579,0.000000623,0.000000665,0.000000802,0.000000843,0.000000833,0.00000088,0.000000877,0.000000874,0.000000872,0.000000869,0.000000907,0.000000904,0.000000904,0.000000906,0.000000948,0.000000947,0.000000946,0.000000943,0.000000941,0.000000937,0.000000937,0.000000937,0.000000937
Nigeria,0,0,0,0,0,0,0,0,0,0,0,0,0,0,0,0,0,0,0,0,0,0,0,0,0,0,0,0,0,0,0,0,0,0,0,0,0,0,0,0,0,0,0,0,0,0,0,0,0,0,0,0,0,0,0,0,0,0,0,0,0,0.0000625,5.16529E-05,3.84468E-05,2.36686E-05,2.04082E-05,1.26247E-05,0.00000812,1.16543E-05,1.09739E-05,0.00000661,0.00000591,0.00000907,0.00000873,0.00000929,0.00000883,0.0000093,0.00000788,0.00000844,0.00000752,0.00000989,0.00000959,0.0000085,0.00000791,0.00000724,0.00000665,0.00000699,0.00000647,0.00000534,0.00000497,0.00000497,0.00000367,0.00000322,0.00000267,0.00000251,0.00000247,0.00000224,0.00000187,0.00000171,0.00000155,0.00000144,0.00000149,0.00000133,0.00000118,0.00000113,0.00000104,0.000000861,0.000000765,0.000000743,0.000000739,0.000000696,0.000000689,0.000000664
Norway,0,0,0,0,0,0,0,0,0,0,0,0,0,0,0,0,0,0,0,0,0,0,0,0,0,0,0,0,0,0,0,0,0,0,0,0,0,0,0,0,0,0,0,0,0,0,0,0,0,0,0,0,0.000000253,0.000000201,0.000000169,0.00000014,0.00000025,0.00000023,0.000000191,0.000000156,0.000000123,0.000000146,0.000000146,0.000000147,0.000000123,0.000000135,0.000000143,0.000000136,0.000000162,0.000000181,0.000000186,0.000000189,0.000000205,0.000000201,0.00000022,0.000000221,0.00000024,0.000000273,0.00000028,0.000000283,0.00000029,0.000000301,0.000000307,0.000000317,0.00000033,0.00000032,0.000000335,0.000000331,0.000000329,0.000000353,0.000000352,0.000000347,0.000000354,0.000000357,0.000000357,0.000000355,0.000000355,0.000000351,0.000000348,0.000000351,0.000000347,0.000000346,0.000000343,0.000000343,0.00000034,0.000000338,0.000000336,0.000000335,0.000000334,0.000000333,0.000000339,0.000000343,0.000000343
Pakistan,0,0,0,0,0,0,0,0,0,0,0,0,0,0,0,0,0,0,0,0,0,0,0,0,0,0,0,0,0,0,0,0,0,0,0,0,0,0,0,0,0,0,0,0,0,0,0,0,0,0,0,0,0,0,0,0,0,0.00000097,0.0000012,0.000000563,0.00000083,0.000000784,0.000000741,0.000000708,0.000000624,0.000000584,0.000000537,0.000000549,0.000000712,0.000000692,0.000000602,0.00000058,0.000000554,0.000000516,0.000000472,0.000000374,0.00000035,0.000000336,0.000000323,0.000000299,0.000000342,0.000000333,0.000000308,0.000000282,0.000000272,0.000000267,0.000000274,0.000000245,0.000000241,0.000000248,0.00000022,0.000000209,0.00000019,0.000000177,0.000000166,0.000000158,0.000000151,0.000000146,0.000000142,0.000000136,0.000000127,0.000000121,0.000000113,0.000000109,0.000000106,9.73E-08,9.63E-08,8.57E-08,0.000000077,7.16E-08,6.86E-08,6.25E-08,6.11E-08
Panama,0,0,0,0,0,0,0,0,0,0,0,0,0,0,0,0,0,0,0,0,0,0,0,0,0,0,0,0,0,0,0,0,0,0,0,0,0,0,0,0,0,0,0,0,0,0,0,0,0,0.0015625,0.000826446,0.000137174,7.71605E-05,5.40833E-05,3.30579E-05,0.000021004,1.35208E-05,0.00000842,0.00000533,0.0000025,0.00000306,0.00000504,0.00000504,0.00000408,0.00000257,0.00000198,0.00000227,0.00000209,0.00000245,0.00000215,0.00000215,0.00000184,0.0000017,0.00000146,0.00000142,0.00000137,0.00000125,0.00000117,0.000000986,0.000000871,0.000000837,0.000000755,0.000000753,0.00000078,0.000000744,0.000000732,0.000000676,0.000000654,0.000000657,0.000000631,0.000000627,0.000000607,0.000000547,0.00000054,0.000000518,0.000000494,0.000000461,0.000000461,0.000000438,0.000000441,0.000000425,0.000000392,0.000000392,0.000000386,0.000000371,0.000000365,0.000000363,0.000000355,0.000000346,0.000000342,0.000000335,0.000000327,0.00000032
Peru,0,0,0,0,0,0,0,0,0,0,0,0,0,0,0,0,0,0,0,0,0,0,0,0,0,0,0,0,0,0,0,0,0,0,0,0,0,0,0,0,0,0,0,0,0,0,0,0,0,0,0,0,0,0,0,0,0,0,0.00000548,0.00000494,0.00000379,0.0000032,0.00000404,0.00000391,0.00000268,0.00000273,0.00000355,0.00000248,0.00000266,0.00000264,0.00000217,0.00000275,0.0000024,0.00000239,0.0000016,0.0000014,0.00000123,0.000000642,0.0000005,0.000000486,0.000000386,0.000000341,0.000000226,0.000000217,0.000000193,0.000000176,0.000000165,0.000000167,0.000000164,0.000000167,0.000000152,0.000000143,0.000000131,0.000000135,0.000000109,9.61E-08,9.49E-08,8.78E-08,8.19E-08,7.69E-08,6.87E-08,6.63E-08,0.000000061,5.99E-08,5.51E-08,0.000000051,4.75E-08,4.48E-08,4.29E-08,4.17E-08,4.14E-08,3.96E-08,3.73E-08
Philippines,0,0,0,0,0,0,0,0,0,0,0,0.025,0.025,0.025,0.025,0.025,0.011111111,0.011111111,0.011111111,0.011111111,0.011111111,0.011111111,0.011111111,0.011111111,0.011111111,0.011111111,0.011111111,0.011111111,0.011111111,0.011111111,0.011111111,0.011111111,0.011111111,0.011111111,0.011111111,0.011111111,0.011111111,0.011111111,0.011111111,0.011111111,0.011111111,0.011111111,0.011111111,0.011111111,0.004,0.002777778,0.001,0.00025,9.18274E-05,4.16493E-05,7.39645E-05,0.00012207,6.49298E-05,5.61224E-05,0.000059512,3.43161E-05,4.65641E-05,3.61018E-05,3.40265E-05,2.01594E-05,0.000017313,1.54607E-05,1.14866E-05,0.00000939,0.000009,0.00000837,0.00000588,0.00000353,0.00000326,0.00000203,0.0000018,0.00000154,0.00000149,0.0000015,0.00000144,0.00000122,0.00000125,0.00000122,0.00000122,0.00000126,0.00000126,0.00000137,0.00000129,0.00000123,0.00000117,0.00000113,0.00000112,0.00000107,0.00000104,0.00000103,0.000001,0.000000991,0.000000948,0.000000922,0.000000929,0.000000872,0.000000845,0.000000837,0.000000827,0.000000788,0.000000752,0.000000757,0.000000714,0.000000692,0.000000679,0.000000657,0.00000064,0.000000636,0.000000625,0.000000617,0.000000591,0.000000583,0.000000572
Poland,0,0,0,0,0,0,0,0,0,0,0,0,0,0,0,0,0,0,0,0,0,0,0,0,0,0,0,0,0,0,0,0,0,0,0,0,0,0,0,0,0,0,0,0,0,0,0,0,0,0,4.16493E-05,4.32526E-05,2.82779E-05,2.11849E-05,1.27677E-05,0.00000883,0.00000794,0.00000397,0.00000277,0.00000174,0.00000174,0.00000143,0.00000123,0.00000127,0.00000107,0.000000829,0.000000671,0.000000635,0.000000734,0.000000618,0.000000659,0.000000657,0.00000062,0.000000601,0.000000559,0.000000549,0.000000549,0.000000587,0.00000056,0.00000051,0.000000515,0.000000521,0.00000051,0.000000507,0.000000498,0.000000501,0.000000473,0.000000454,0.000000417,0.000000413,0.000000413,0.000000412,0.000000411,0.000000416,0.000000412,0.000000396,0.000000397,0.000000399,0.000000391,0.000000388,0.000000379,0.000000371,0.000000362,0.000000356,0.000000344,0.000000337,0.000000333,0.000000329,0.00000032,0.000000313,0.000000304,0.000000293,0.000000291
Portugal,0,0,0,0,0,0,0,0,0,0,0,0,0,0,0,0,0,0,0,0,0,0,0,0,0,0,0,0,0,0,0,0,0,0,0,0,0,0,0,0,0,0,0,0,0,0,0,0,0,0,0,0,0,0,0,0.000000498,0.000000996,0.000000487,0.000000577,0.000000732,0.000000547,0.000000542,0.000000591,0.000000479,0.000000478,0.000000417,0.000000374,0.000000335,0.000000341,0.000000289,0.000000275,0.000000256,0.000000252,0.00000024,0.000000232,0.000000226,0.000000223,0.00000022,0.00000021,0.000000182,0.000000184,0.000000183,0.000000187,0.000000186,0.000000183,0.000000177,0.000000182,0.000000177,0.000000175,0.000000169,0.000000167,0.000000162,0.000000164,0.000000164,0.000000161,0.000000159,0.000000161,0.00000016,0.000000162,0.000000158,0.000000157,0.000000161,0.000000163,0.000000163,0.000000163,0.000000159,0.000000155,0.00000015,0.00000015,0.000000149,0.000000149,0.000000149,0.000000148
Qatar,0,0,0,0,0,0,0,0,0,0,0,0,0,0,0,0,0,0,0,0,0,0,0,0,0,0,0,0,0,0,0,0,0,0,0,0,0,0,0,0,0,0,0,0,0,0,0,0,0,0,0,0,0,0,0,0,0,0,0,0,0,0,0,0,0,0,0.000000287,0.000000249,0.000000208,0.000000328,0.000000287,0.000000333,0.00000026,0.000000171,0.000000155,0.000000119,0.000000142,0.000000123,0.000000106,9.51E-08,8.06E-08,7.89E-08,6.71E-08,5.96E-08,5.08E-08,4.16E-08,3.22E-08,3.19E-08,0.000000027,2.49E-08,2.11E-08,1.96E-08,1.66E-08,1.38E-08,1.14E-08,9.45E-09,7.91E-09,7.04E-09,6.33E-09,5.56E-09,6.04E-09,5.43E-09,4.96E-09,4.58E-09,4.08E-09,3.72E-09,3.36E-09,2.94E-09,2.86E-09,2.76E-09,2.51E-09,2.21E-09,1.99E-09
Russia,0,0,0,0,0,0,0,0,0,0,0,0,0,0,0,0,0,0,0,0,0,0,0,0,0,0,0,0,0,0,0,0,0,0,0,0,0,0,0,0,0,0,0,0,0,0,0,0,0,0,0,0,0,0,0,0,0,0.00000253,0.00000156,0.00000107,0.000000742,0.000000521,0.000000408,0.000000693,0.000000425,0.000000373,0.00000025,0.00000034,0.000000267,0.000000311,0.000000311,0.000000238,0.000000198,0.000000192,0.000000155,0.000000117,0.000000103,8.38E-08,0.000000074,6.62E-08,5.74E-08,5.23E-08,4.41E-08,3.82E-08,0.000000033,2.97E-08,2.66E-08,2.31E-08,1.97E-08,1.82E-08,1.64E-08,1.53E-08,1.41E-08,1.31E-08,1.22E-08,1.14E-08,1.05E-08,9.91E-09,9.84E-09,9.46E-09,8.93E-09,7.94E-09,7.06E-09,6.43E-09,6.01E-09,5.58E-09,5.18E-09,4.88E-09,4.63E-09,4.36E-09,4.1E-09,3.92E-09,3.77E-09
Saudi Arabia,0,0,0,0,0,0,0,0,0,0,0,0,0,0,0,0,0,0,0,0,0,0,0,0,0,0,0,0,0,0,0,0,0,0,0,0,0,0,0,0,0,0,0,0,0,0,0,0,0,0,0,0,0,0,0,0,0,0,0,0,0,0,0.00000017,0.000000247,0.000000293,0.000000246,0.000000276,0.000000474,0.000000379,0.000000409,0.000000541,0.000000591,0.000000601,0.000000611,0.000000589,0.00000056,0.000000525,0.000000477,0.000000407,0.000000353,0.00000032,0.000000296,0.000000267,0.000000253,0.00000023,0.000000204,0.000000171,0.000000134,0.000000111,9.37E-08,8.06E-08,6.99E-08,6.24E-08,5.57E-08,5.12E-08,4.53E-08,4.07E-08,3.77E-08,3.43E-08,3.13E-08,2.91E-08,2.72E-08,2.52E-08,2.33E-08,2.19E-08,2.05E-08,1.92E-08,1.82E-08,1.73E-08,1.61E-08,1.52E-08,1.43E-08,1.36E-08
Senegal,0,0,0,0,0,0,0,0,0,0,0,0,0,0,0,0,0,0,0,0,0,0,0,0,0,0,0,0,0,0,0,0,0,0,0,0,0,0,0,0,0,0,0,0,0,0,0,0,0,0,0,0,0,0,0,0,0,0,0,0,0,0,0,0,0,0,0,0,0,0,0.00000277,0.00000263,0.00000233,0.00000417,0.00000406,0.00000392,0.00000356,0.00000336,0.0000032,0.00000285,0.00000259,0.00000255,0.00000236,0.00000224,0.00000203,0.00000178,0.00000171,0.00000245,0.00000223,0.00000352,0.00000295,0.00000307,0.00000262,0.00000236,0.00000186,0.000002,0.00000166,0.00000133,0.00000116,0.00000103,0.000000858,0.000000724,0.000000644,0.000000619,0.000000623,0.000000584,0.000000584,0.00000054,0.000000637,0.000000651,0.000000534,0.000000477,0.000000474
Serbia,0,0,0,0,0,0,0,0,0,0,0,0,0,0,0,0,0,0,0,0,0,0,0,0,0,0,0,0,0,0,0,0,0,0,0,0,0,0,0,0,0,0,0,0,0,0,0,0,0,0,0,0,0,0,0,0,0,0,0.00000549,0.00000342,0.00000406,0.00000484,0.00000327,0.00000271,0.000000678,0.000000479,0.0000023,0.00000237,0.0000026,0.00000198,0.00000249,0.00000226,0.00000179,0.00000167,0.0000014,0.0000012,0.00000102,0.000000915,0.000000803,0.000000736,0.000000648,0.000000607,0.000000517,0.000000472,0.000000417,0.000000364,0.00000034,0.000000326,0.000000306,0.000000284,0.000000274,0.000000263,0.000000263,0.000000257,0.00000025,0.000000241,0.000000237,0.000000233,0.000000227,0.000000221,0.000000221,0.000000216,0.000000215,0.000000216,0.000000214,0.000000212,0.000000212,0.000000211,0.000000214,0.000000214,0.000000211,0.00000021,0.000000209
Singapore,0,0,0,0,0,0,0,0,0,0,0,0,0,0,0,0,0,0,0,0,0,0,0,0,0,0,0,0,0,0,0,0,0,0,0,0,0,0,0,0,0,0,0,0,0,0,0,0,0,0,0,0,0,0,0,0,0,0,0,0.00000107,0.000000966,0.000000772,0.000000642,0.000000502,0.000000429,0.000000373,0.000000311,0.000000421,0.000000388,0.00000035,0.0000003,0.000000364,0.000000403,0.000000424,0.00000035,0.000000317,0.000000274,0.000000228,0.000000164,0.000000158,0.000000151,0.000000125,0.000000106,9.46E-08,7.31E-08,0.000000051,4.31E-08,3.06E-08,2.53E-08,1.71E-08,1.32E-08,1.17E-08,9.6E-09,8.23E-09,7.45E-09,6.47E-09,6.73E-09,6.26E-09,5.72E-09,5.74E-09,5.47E-09,5.52E-09,5.43E-09,5.1E-09,4.78E-09,4.9E-09,4.56E-09,4.24E-09,3.96E-09,3.67E-09,3.7E-09,3.45E-09,3.27E-09
Slovakia,0,0,0,0,0,0,0,0,0,0,0,0,0,0,0,0,0,0,0,0,0,0,0,0,0,0,0,0,0,0,0,0,0,0,0,0,0,0,0,0,0,0,0,0,0,0,0,0,0,0,0,0,0,0,0,0,0.00000907,0.00000661,0.00000533,0.00000316,0,0,0,0,0,0,0,0,0,0,0.000000625,0.000000551,0.000000494,0.000000451,0.000000425,0.000000701,0.000000592,0.00000043,0.000000407,0.000000391,0.000000377,0.000000363,0.000000338,0.000000287,0.000000806,0.000000838,0.000000818,0.000000928,0.00000089,0.000000945,0.000000974,0.000000905,0.000000854,0.000000919,0.000000902,0.000000947,0.000000944,0.00000104,0.00000114,0.00000118,0.00000117,0.00000121,0.00000121,0.00000125,0.00000124,0.00000122,0.00000125,0.00000123,0.00000123,0.00000122,0.00000122,0.00000126,0.00000125
Slovenia,0,0,0,0,0,0,0,0,0,0,0,0,0,0,0,0,0,0,0,0,0,0,0,0,0,0,0,0,0,0,0,0,0,0,0,0,0,0,0,0,0,0,0,0,0,0,0,0,0,0,0,0,0.00000305,0.00000209,0.00000156,0.00000132,0.00000132,0.00000122,0.00000086,0.000000682,0.00000117,0.00000154,0.00000174,0.00000179,0.0000019,0.00000225,0.00000192,0.00000206,0.00000192,0.00000233,0.00000212,0.00000211,0.00000229,0.0000023,0.00000282,0.00000288,0.00000321,0.00000336,0.0000034,0.00000334,0.00000354,0.00000365,0.00000374,0.00000376,0.00000392,0.00000379,0.00000388,0.00000404,0.00000418,0.00000432,0.00000426,0.00000432,0.00000423,0.00000424,0.0000042,0.00000421,0.00000422,0.00000434,0.00000443,0.00000446,0.00000447,0.00000454,0.00000464,0.00000468,0.00000469,0.00000472,0.00000472,0.00000476,0.00000478,0.0000048,0.00000479,0.00000478,0.00000481
South Africa,0,0,0,0,0,0,0,0,0,0,0,0,0,0,0,0,0,0,0,0,0,0,0,0,0,0,0,0,0,0,0,0,0,0,0,0,0,0,0,0,0,0,0,0,0,0,0,0,0,0,0,0,0,0,0,0,0,0,0,0,0,0,0,0,0,7.31E-08,0.000000071,0.000000122,0.000000171,0.000000273,0.000000263,0.000000234,0.000000397,0.000000358,0.000000402,0.000000422,0.000000425,0.000000529,0.000000481,0.000000598,0.000000608,0.000000529,0.000000523,0.000000463,0.000000541,0.000000707,0.000000646,0.000000565,0.000000541,0.000000533,0.000000483,0.000000492,0.00000048,0.000000444,0.000000452,0.000000421,0.000000392,0.000000373,0.00000036,0.000000323,0.000000328,0.000000306,0.000000285,0.000000265,0.000000258,0.000000251,0.000000238,0.000000225,0.00000021,0.000000193,0.000000182,0.00000016,0.00000015
Spain,0,0,0,0,0,0,0,0,0,0,0,0,0,0,0,0,0,0,0,0,0,0,0,0,0,0,0,0,0,0,0,0,0,0,0,0,0,0,0,0,0,0.00000367,0.00000406,0.00000447,0.00000313,0.000004,0.00000375,0.00000243,0.00000122,0.00000104,0.00000106,0.000000486,0.000000477,0.000000475,0.000000346,0.000000386,0.000000322,0.000000257,0.00000025,0.000000214,0.000000214,0.000000187,0.000000177,0.000000149,0.000000131,0.000000119,0.000000112,0.000000106,9.97E-08,0.000000092,8.66E-08,8.24E-08,7.88E-08,7.51E-08,7.29E-08,7.14E-08,6.97E-08,6.73E-08,6.58E-08,6.42E-08,6.25E-08,6.18E-08,6.14E-08,6.07E-08,5.93E-08,5.65E-08,5.49E-08,5.45E-08,5.18E-08,0.000000052,0.000000051,0.00000005,4.88E-08,5.47E-08,0.000000054,5.38E-08,5.36E-08,5.36E-08,5.35E-08,5.39E-08,0.000000053,5.35E-08,5.34E-08,5.35E-08,5.32E-08,5.33E-08,5.32E-08,0.000000053,0.000000053,5.29E-08,5.17E-08,5.18E-08,5.18E-08
Sri Lanka,0,0,0,0,0,0,0,0,0,0,0,0,0,0,0,0,0,0,0,0,0,0,0,0,0,0,0,0,0,0,0,0,0,0,0,0,0,0,0,0,0,0,0,0,0,0,0,0,0,0,0,0,0,0,0,0,0,0,0,0,0,0,0,0,0,0,0.00000783,0.00000731,1.34372E-05,0.00000978,1.40739E-05,1.75431E-05,1.58222E-05,1.81449E-05,1.61415E-05,1.57808E-05,0.000017531,1.95963E-05,1.93906E-05,1.93906E-05,1.78553E-05,0.000015873,1.48655E-05,0.000012894,1.23579E-05,1.23579E-05,1.17576E-05,0.00001085,0.00000953,0.00000757,0.00000728,0.00000643,0.00000517,0.00000397,0.00000331,0.00000256,0.00000202,0.00000183,0.00000166,0.00000159,0.00000147,0.00000141,0.00000136,0.00000142,0.00000151,0.00000142,0.00000133,0.00000129,0.00000125,0.00000121,0.00000119,0.00000114,0.00000107
Sweden,0,0,0,0,0,0,0,0,0,0,0,0,0,0,0,0,0,0,0,0,0,0,0,0,0,0,0,0,0,0,0,0,0,0,0,0,0,0,0,0,0,0,0,0,0,0,0,0,0,0.0000004,0.000000279,0.000000151,0.000000217,0.000000287,0.000000493,0.000000494,0.000000611,0.000000531,0.000000596,0.000000643,0.000000561,0.000000597,0.000000689,0.000000972,0.000000955,0.00000111,0.000000884,0.000000804,0.0000009,0.000000915,0.000000977,0.000000993,0.000000952,0.000000899,0.00000086,0.000000919,0.000000999,0.000000969,0.000000949,0.000000928,0.000000861,0.000000818,0.000000767,0.000000789,0.000000846,0.000000848,0.000000802,0.000000791,0.000000744,0.000000724,0.000000752,0.000000756,0.00000072,0.000000697,0.000000663,0.000000631,0.000000635,0.000000612,0.000000597,0.000000581,0.000000573,0.000000547,0.000000538,0.000000536,0.00000053,0.000000514,0.000000501,0.000000497,0.000000479,0.000000465,0.000000458,0.000000445,0.000000444
Switzerland,0,0,0,0,0,0,0,0,0,0,0,0,0,0,0,0,0,0,0,0,0,0,0,0,0,0,0,0,0,0,0,0,0,0,0,0,0,0,0,0,0,0,0,0.00000769,0.00000218,0.00000139,0.00000176,0.00000143,0.00000124,0.000000941,0.000000941,0.000000848,0.000000704,0.000000289,0.000000289,0.00000037,0.000000305,0.000000247,0.000000193,0.000000173,0.000000175,0.000000155,0.000000125,0.000000129,0.000000137,0.000000138,0.000000133,0.000000136,0.000000142,0.000000157,0.000000155,0.000000151,0.000000154,0.000000158,0.000000161,0.000000163,0.000000166,0.000000165,0.000000164,0.000000166,0.000000164,0.000000171,0.000000172,0.000000175,0.000000179,0.000000179,0.000000181,0.000000182,0.000000181,0.000000183,0.000000188,0.000000189,0.000000191,0.000000193,0.000000192,0.000000191,0.000000196,0.000000198,0.000000198,0.000000198,0.000000199,0.000000198,0.000000197,0.000000198,0.000000199,0.0000002,0.000000199,0.0000002,0.0000002,0.0000002,0.0000002,0.000000202,0.000000202
Thailand,0,0,0,0,0,0,0,0,0,0,0,0,0,0,0,0,0,0,0,0,0,0,0,0,0,0,0,0,0,0,0,0,0,0,0,0,0,0,0,5.66893E-05,5.40833E-05,5.40833E-05,5.40833E-05,4.52694E-05,4.34028E-05,0.00004,0.00004,0.00004,3.55999E-05,2.87274E-05,2.04082E-05,1.77778E-05,1.48721E-05,0.00000769,0.00000463,0.00000319,0.00000222,0.00000135,0.000000964,0.000000592,0.000000279,0.000000192,0.000000585,0.000000459,0.000000366,0.000000387,0.000000387,0.000000363,0.000000388,0.000000367,0.000000383,0.000000427,0.000000486,0.000000468,0.000000489,0.000000528,0.00000053,0.000000535,0.000000545,0.00000054,0.000000552,0.000000584,0.000000601,0.0000006,0.000000616,0.000000644,0.000000645,0.000000629,0.000000615,0.000000603,0.000000607,0.000000614,0.00000062,0.000000604,0.000000604,0.000000597,0.000000605,0.000000626,0.000000622,0.000000619,0.000000616,0.000000614,0.000000613,0.000000605,0.000000605,0.000000616,0.000000614,0.000000611,0.000000621,0.000000619,0.000000616,0.000000615,0.000000615
Turkey,0,0,0,0,0,0,0,0,0,0,0,0,0,0,0,0,0,0,0,0,0,0,0,0,0,0,0,0,0,0,0,0,0,0,0,0,0,0,0,0,0,0,0,0,0,0,0,0,0,0,0,0,0,0,0,4.52694E-05,1.04123E-05,0.00000814,0.0000031,0.000002,0.00000196,0.00000158,0.00000126,0.000000997,0.000000569,0.000000283,0.000000197,0.000000154,0.000000143,0.000000117,0.000000113,0.000000108,9.71E-08,8.75E-08,7.83E-08,7.11E-08,6.23E-08,5.56E-08,5.08E-08,4.55E-08,4.05E-08,3.69E-08,3.48E-08,3.31E-08,3.15E-08,2.98E-08,2.87E-08,2.79E-08,2.71E-08,2.59E-08,2.47E-08,2.44E-08,0.000000024,2.36E-08,2.33E-08,2.31E-08,0.000000023,2.28E-08,2.23E-08,0.000000022,2.17E-08,2.16E-08,2.14E-08,2.12E-08,0.000000021,2.06E-08,2.04E-08,2.01E-08,1.99E-08,1.97E-08,1.97E-08,1.95E-08,1.93E-08
United Arab Emirates,0,0,0,0,0,0,0,0,0,0,0,0,0,0,0,0,0,0,0,0,0,0,0,0,0,0,0,0,0,0,0,0,0,0,0,0,0,0,0,0,0,0,0,0,0,0,0,0,0,0,0,0,0,0,0,0,0,0,1.02041E-05,0.00000854,0.00000854,0.0000051,0.00000325,0.0000018,0.0000018,0.00000122,0.000000913,0.000000923,0.00000134,0.00000136,0.00000121,0.000000763,0.000000563,0.000000441,0.000000309,0.000000255,0.000000216,0.00000017,0.000000157,0.000000142,0.000000143,0.000000129,0.000000122,0.000000115,0.000000115,0.000000103,9.32E-08,9.32E-08,8.92E-08,8.15E-08,7.65E-08,7.66E-08,0.000000073,7.43E-08,7.37E-08,0.000000071,6.98E-08,6.87E-08,6.89E-08,6.74E-08,6.53E-08,6.43E-08,6.28E-08,6.31E-08,6.33E-08,6.34E-08,6.26E-08,6.17E-08,0.000000061,5.98E-08,5.64E-08,5.25E-08,4.96E-08
United Kingdom,0,0,0,0,0,0,0,0,0,0,0,0,0,0,0,0,0,0,0,0,0,0,0,0,0,0,0,0,0,0,0,0,0,0,0,0,0,0,0,0,0,0,0,0,0.00000376,0.00000471,0.00000268,0.00000291,0.0000048,0.00000337,0.00000433,0.00000157,0.00000215,0.00000331,0.1,0.1,0.1,0.0111,0.0111,0.0111,0.0111,0.004,0.00278,0.00156,0.00159,0.00158,0.00157,0.00158,0.000705,0.000526,0.000239,0.000147,0.000143,0.0000955,0.00409,0.00177,0.00175,0.00182,0.00179,0.00179,0.0018,0.0014,0.0012,0.0012,0.00112,0.000945,0.00094,0.000942,0.00719,0.00494,0.00494,0.00493,0.00493,0.00576,0.00452,0.00452,0.0044,0.0044,0.0044,0.0044,0.0044,0.00441,0.00441,0.00441,0.0044,0.00366,0.00366,0.00366,0.00366,0.00366,0.00367,0.00367,0.00367
Uruguay,0,0,0,0,0,0,0,0,0,0,0,0,0,0,0,0,0,0,0,0,0,0,0,0,0,0,0,0,0,0,0,0,0,0,0,0,0,0,0,0,0,0,0,0,0,0,0,0,0,0,0,0,0,0,0,0,0,0,0,0,0,0,0,0,0,0,0.00000109,0.00000105,0.000000977,0.000000875,0.00000163,0.00000294,0.00000268,0.00000313,0.00000364,0.00000348,0.00000389,0.00000337,0.00000313,0.00000287,0.00000279,0.00000304,0.00000343,0.0000033,0.0000037,0.00000357,0.00000349,0.00000337,0.00000359,0.00000349,0.00000407,0.00000398,0.00000387,0.00000379,0.00000394,0.00000408,0.0000039,0.00000384,0.00000378,0.00000411,0.00000405,0.000004,0.00000396,0.00000394,0.00000379,0.00000375,0.00000363,0.00000374,0.00000365,0.0000038,0.00000376,0.0000037,0.00000368
Vietnam,0,0,0,0,0,0,0,0,0,0,0,0,0,0,0,0,0,0,0,0,0,0,0,0,0,0,0,0,0,0,0,0,0,0,0,0,0,0,0,0,0,0,0,0,0,0,0,0,0,0,0,0,0,0,0,0,0,0,0,0,0,0,0,0,0,0,0,0,0,0,0,0,0,0,0,0,0,0,0,0,0,0,0,0,0,0,0,0,0,0,0,0,0,0,0,0,0,0,0,0,0,0,0,0,0,0,0,0,0,0,0,0,0
